	Accession	PC1	PC2	Family	Species
0	AB334721	794.2412764473618	-49.0926020761817	Inoviridae	Inovirus M13
1	AB903967	-516.0266528648799	157.87449842153714	Herelleviridae	Kayvirus SA12
2	AB983711	429.1520055791186	-290.09914025599664	Autonotataviridae	Risjevirus RSJ5
3	AF063097	430.13975554582953	224.57423727503837	Peduoviridae	Peduovirus P2
4	AF115103	455.0015811229382	226.28595312891557	Aliceevansviridae	Moineauvirus Sfi21
5	AP017972	-104.77915049943613	42.80599000510726	Chimalliviridae	Tidunavirus pTD1
6	AP018715	-438.20409057242364	184.02535812061674	Herelleviridae	Enterococcus phage phiM1EF22
7	AP018813	-999.5086316203827	-271.36975253655373	Straboviridae	Tequatrovirus T2
8	AP019521	-1007.5092614401012	-236.05447376378513	Straboviridae	Escherichia phage KIT01
9	AY264774	477.3106387379087	-398.55171549989825	Autotranscriptaviridae	Teseptimavirus T7
10	AY264778	506.29050448187195	-395.9834984151196	Autotranscriptaviridae	Teseptimavirus T7
11	AY962392	-850.9657754891431	-159.43289810045852	Straboviridae	Biquartavirus 44RR2
12	AY967407	-910.3816473146383	-123.287627643291	Straboviridae	Pseudotevenvirus RB43
13	CP000623	380.6919666421272	242.63243979662414	Peduoviridae	Tigrvirus E202
14	CP017906	760.3981876768346	-33.60415966394287	Inoviridae	Vibrio phage K05K4_VK05K4_2
15	DQ079875	837.5674233656857	-37.154260897217334	Microviridae	Alphatrevirus NC28
16	DQ079881	833.0917027467738	-32.22781299534274	Microviridae	Sinsheimervirus phiX174
17	DQ079902	855.7458851051467	-38.13553468114661	Microviridae	Gequatrovirus G4
18	DQ087285	394.341449033529	219.99285739643855	Peduoviridae	Tigrvirus phi52237
19	DQ111067	551.0221823851755	-390.9567518737939	Autotranscriptaviridae	Kayfunavirus K1F
20	DQ149023	-423.92799120685527	189.76843413954455	Kyanoviridae	Ormenosvirus syn9
21	DQ426905	360.13838180418475	265.92298860152084	Peduoviridae	Baylorvirus PHL101
22	DQ529280	-830.9526161362668	-133.67631685890888	Straboviridae	Tulanevirus bteighttwo
23	EF380010	836.5735430456091	-36.7227562861615	Microviridae	Sinsheimervirus phiX174
24	EF380017	834.6820113104343	-31.53440006034917	Microviridae	Sinsheimervirus phiX174
25	EF489910	789.7708721544216	-27.087040613309142	Inoviridae	Psecadovirus PSH1
26	EF529515	444.7628255707391	217.78934289947463	Aliceevansviridae	Brussowvirus bv858
27	EU197055	-615.9068085765076	8.581397075140728	Chimalliviridae	Serwervirus 201phi21
28	EU236438	401.17000130133397	-333.30903724286196	Autoscriptoviridae	Phikmvvirus PT2
29	EU734174	484.64066385356386	-390.05646766490565	Autotranscriptaviridae	Teseptimavirus 13a
30	FJ839692	-1068.5862751876466	-272.73355467466206	Straboviridae	Tequatrovirus RB14
31	FM207411	-456.6194465769531	154.135631922928	Kyanoviridae	Gibbetvirus rsm4
32	FN263372	398.29179953058247	-327.67941532514	Autoscriptoviridae	Phikmvvirus kF77
33	GQ153918	791.5676670963855	-65.96062503916596	Inoviridae	Inovirus M13
34	GU071097	-426.4151128684018	178.7670243353996	Kyanoviridae	Glaucusvirus ssm5
35	GU071099	-440.2125720658046	152.3575737193874	Kyanoviridae	Thaumasvirus stim4
36	GU071106	-398.77750541259957	179.55873342266617	Kyanoviridae	Pontusvirus syn19
37	GU169904	-195.49347550822358	89.52712215158923	Andersonviridae	Staphylococcus phage SA1
38	GU196279	324.717800205565	244.08853293808997	Sarkviridae	Kagunavirus K1ind1
39	GU396103	-961.6842395650366	-83.2155442304369	Straboviridae	Angelvirus px29
40	HM753670	826.7547355635277	-31.8242782142527	Microviridae	Sinsheimervirus phiX174
41	HM753676	832.9662278464191	-33.1518714344051	Microviridae	Sinsheimervirus phiX174
42	HM753684	831.8312063121919	-39.63352834803414	Microviridae	Sinsheimervirus phiX174
43	HM753699	835.4382444842747	-38.58395145007561	Microviridae	Sinsheimervirus phiX174
44	HM753701	836.1142560527612	-31.279069307386777	Microviridae	Sinsheimervirus phiX174
45	HM753702	837.9322960453107	-37.267251081256866	Microviridae	Sinsheimervirus phiX174
46	HM775310	827.0920959365733	-28.348005473032003	Microviridae	Sinsheimervirus phiX174
47	HM997020	-1060.2620326971712	-275.6837170955818	Straboviridae	Tequatrovirus vtec
48	HQ186308	429.88996207232003	-355.18254991541994	Autoscriptoviridae	Friunavirus AB1
49	HQ406778	-310.429309198993	-4.843748615604383	Demerecviridae	Tequintavirus SPC35
50	HQ829472	-969.7107195306896	-218.19226207464354	Straboviridae	Dhakavirus bp7
51	HQ832595	-276.2575333704997	76.97375385341854	Vandenendeviridae	Pakpunavirus PaP1
52	JF461087	-189.94986222419743	23.127044378506696	Andersonviridae	Felixounavirus felixO1
53	JF719734	808.7196596688138	-57.429672812092335	Inoviridae	Inovirus M13
54	JF974299	-406.522251986745	198.83953457171205	Kyanoviridae	Neritesvirus scam8
55	JN225449	-252.27241531866457	77.09961869653239	Andersonviridae	Felixounavirus UAB87
56	JN371768	-403.51916546719735	198.5218055673558	Kyanoviridae	Namakavirus smbcm6
57	JN593240	-663.7612630431385	36.75169698420517	Ackermannviridae	Kuttervirus CBA120
58	JN651747	475.98899421842975	-337.2622171964723	Autonotataviridae	Aerosvirus AS7
59	JN654439	-559.5227758020685	148.5511857237459	Herelleviridae	Wphvirus BPS13
60	JN848801	805.6356010744214	-20.17341667590884	Inoviridae	Vicialiavirus VCY
61	JQ340389	-292.3908677417169	4.192865686164524	Demerecviridae	Vipunavirus pVp1
62	JQ408219	792.9989862712121	-32.666907801168506	Inoviridae	Restivirus RSS1
63	JQ764987	830.6941336002612	-29.395102465528886	Microviridae	Sinsheimervirus phiX174
64	JQ797329	-391.38794003404314	166.7425222962657	Herelleviridae	Pecentumvirus AG20
65	JX195166	-304.7147810251156	30.71456507853017	Demerecviridae	Myunavirus My1
66	JX297445	312.97967489262396	314.01196388393464	Sarkviridae	Jerseyvirus SB3
67	JX846613	-329.1381287983345	141.57187915782862	Herelleviridae	Silviavirus remus
68	JX878496	-662.090253012291	20.49398322204405	Ackermannviridae	Miltonvirus MAM1
69	JX880034	275.16434736874635	-85.7507386289154	Schitoviridae	Gamaleyavirus IME11
70	KC107834	472.5412427515337	-295.5100633501128	Autonotataviridae	Cronosvirus GAP227
71	KC139520	310.4547522344528	-80.80697989064585	Schitoviridae	Ithacavirus SP076
72	KC460990	315.3413428090414	292.39020492508644	Sarkviridae	Seretavirus eta
73	KC462197	403.00528577765203	244.78463245675644	Peduoviridae	Nampongvirus ST79
74	KC579452	245.62076402103457	424.86682821560146	Drexlerviridae	Rogunavirus KP26
75	KC677662	258.9777985208832	259.3805071637528	Casjensviridae	Chivirus iEPS5
76	KC801932	-898.46212259809	-136.12911856463128	Straboviridae	Pseudotevenvirus lw1
77	KC862296	-145.37069376563977	104.9516625189004	Vandenendeviridae	Nankokuvirus PAKP3
78	KF192075	278.4057279502299	-93.95842604952362	Schitoviridae	Gamaleyavirus APEC5
79	KF319020	484.724465481607	-284.9234698851393	Autoscriptoviridae	Novosibovirus PM16
80	KF562340	297.7656010702058	-92.21925867983754	Schitoviridae	Gamaleyavirus APEC7
81	KF623294	-192.67273154075383	59.05610327864062	Chimalliviridae	Iapetusvirus EaH1
82	KJ019032	-446.3309146729198	167.65013655774595	Kyanoviridae	Lowelvirus tuscon4d
83	KJ019038	-381.70294630681474	187.77258588456098	Kyanoviridae	Acionnavirus monteraybay
84	KJ019046	-437.08710307715387	169.83524671141393	Kyanoviridae	Lowelvirus tuscon4d
85	KJ019052	-587.4248466804823	106.2268862860156	Kyanoviridae	Atlauavirus acg2014f
86	KJ019071	-411.37192380866213	171.89625758842337	Kyanoviridae	Macariavirus tuscon14g
87	KJ019086	-605.5503740610349	134.0439813057883	Kyanoviridae	Atlauavirus tusconc8
88	KJ019089	-472.7117340996451	178.08201427381854	Kyanoviridae	Potamoivirus tusconj
89	KJ019101	-593.3445275116355	128.8079843660865	Kyanoviridae	Atlauavirus tusconc8
90	KJ019113	-428.84031359911614	167.24647510086814	Kyanoviridae	Lowelvirus tuscon4d
91	KJ019119	-416.0464430955876	172.12186723663447	Kyanoviridae	Lowelvirus tuscon4d
92	KJ019129	-451.1025811507848	174.54512012046942	Kyanoviridae	Lowelvirus tuscon4d
93	KJ190157	-319.5690240458018	19.368089146381266	Demerecviridae	Tequintavirus FFH1
94	KJ507099	439.66208980738065	-389.4985790692998	Autotranscriptaviridae	Ghunavirus PSA2
95	KJ716335	-592.6479246336187	51.00766158193176	Ackermannviridae	Limestonevirus RC2014
96	KJ888149	-515.6432319323551	173.79719863720297	Herelleviridae	Kayvirus MCE2014
97	KM359505	-514.6109627346502	141.78372818065802	Kyanoviridae	Haifavirus tim68
98	KM589516	843.3124855759431	-53.94456382583782	Microviridae	Parabacteroides phage YZ-2015b
99	KM606994	-1059.596338674078	-266.7956415485992	Straboviridae	Tequatrovirus RB3
100	KM607002	-1042.358136123859	-248.65772459648065	Straboviridae	Tequatrovirus T4
101	KP010413	-240.0535299279884	76.5272986663733	Andersonviridae	Felixounavirus SP116
102	KP280062	306.45008223093964	-107.68682933193017	Schitoviridae	Pacinivirus phi1
103	KP280063	-310.3094424484693	2.0461395126813358	Demerecviridae	Jesfedecavirus phi3
104	KP313531	536.5754188555568	-401.25979590630027	Autotranscriptaviridae	Teetrevirus CFP1
105	KP671755	-997.9380450863556	-73.03245047923797	Straboviridae	Schizotequatrovirus valkk3
106	KP797973	-669.8820227104425	25.360377461577173	Ackermannviridae	Kuttervirus Det7
107	KR054033	66.83539677811541	259.88197380959934	Lindbergviridae	Pbunavirus DL68
108	KT372698	115.64828389566878	250.4057653057611	Lindbergviridae	Pbunavirus PB1
109	KT990215	414.9525645182391	-351.535792219143	Autotranscriptaviridae	Kayfunavirus GA2A
110	KU130129	-239.63123576211638	34.46139479043866	Vandenendeviridae	Flaumdravirus KIL2
111	KU310944	515.7079164747076	-342.76094157442276	Autoscriptoviridae	Kantovirus C171
112	KU686212	-543.9258710816803	129.13942898618788	Kyanoviridae	Mazuvirus scam7
113	KU737352	-586.3215448659229	142.74465395786436	Herelleviridae	Bacillus phage Nemo
114	KX015770	105.64232045705103	432.1062497871354	Drexlerviridae	Tlsvirus phSE2
115	KX147096	-602.1334691409238	61.96683308358635	Ackermannviridae	Taipeivirus IME250
116	KX258185	-995.9488043046892	-210.5668072082142	Straboviridae	Jiaodavirus kpv477
117	KX266300	832.1244764143314	-33.30621118459178	Microviridae	Gequatrovirus G4
118	KX266310	838.167183543899	-27.783040859181966	Microviridae	Gequatrovirus G4
119	KX266316	823.7460013642901	-44.89625091642966	Microviridae	Gequatrovirus G4
120	KX266317	829.7102482800335	-36.28734708179627	Microviridae	Gequatrovirus G4
121	KX266328	834.8105790265652	-29.51187331475844	Microviridae	Gequatrovirus G4
122	KX266344	832.5712292942528	-31.404488084938443	Microviridae	Gequatrovirus G4
123	KX266356	835.3383204246541	-35.38230598583809	Microviridae	Gequatrovirus G4
124	KX266365	829.4711362010769	-32.15693370661854	Microviridae	Gequatrovirus G4
125	KX266367	831.1116089416198	-31.694577016256737	Microviridae	Gequatrovirus G4
126	KX266399	839.5865048673006	-30.738849254397017	Microviridae	Gequatrovirus G4
127	KX266401	831.8778988838665	-29.398008103125754	Microviridae	Gequatrovirus G4
128	KX266402	831.351645258367	-32.409872341834195	Microviridae	Gequatrovirus G4
129	KX266416	828.3953271565013	-38.39191055591064	Microviridae	Gequatrovirus G4
130	KX266417	826.6130880886187	-23.201295606174313	Microviridae	Gequatrovirus G4
131	KX266430	829.5600784266142	-33.95751337384823	Microviridae	Gequatrovirus G4
132	KX266433	832.710845105926	-31.006115270139098	Microviridae	Gequatrovirus G4
133	KX266441	829.8534553698394	-37.68442025856319	Microviridae	Gequatrovirus G4
134	KX266442	830.4037460010325	-27.863909544602897	Microviridae	Gequatrovirus G4
135	KX266446	836.2594215438246	-30.99783007298246	Microviridae	Gequatrovirus G4
136	KX266452	826.3306572195263	-23.16803494441953	Microviridae	Gequatrovirus G4
137	KX266456	821.6691719047383	-20.24166372942735	Microviridae	Gequatrovirus G4
138	KX266458	825.0465089153342	-33.60695788162942	Microviridae	Gequatrovirus G4
139	KX266462	829.053817469108	-23.4962627757441	Microviridae	Gequatrovirus G4
140	KX266480	833.7970074490333	-36.123812260077905	Microviridae	Gequatrovirus G4
141	KX266512	825.3312499321444	-42.16948287056138	Microviridae	Gequatrovirus G4
142	KX266514	825.5005502314796	-30.030084033320726	Microviridae	Gequatrovirus G4
143	KX266529	825.4520664230533	-33.81781160811119	Microviridae	Gequatrovirus G4
144	KX266542	834.2560926760582	-34.22271390550338	Microviridae	Gequatrovirus G4
145	KX266548	830.1787239183452	-29.083660125270228	Microviridae	Gequatrovirus G4
146	KX266550	824.3170672088702	-14.467874258574696	Microviridae	Gequatrovirus G4
147	KX266556	837.1223059447263	-39.42547186171206	Microviridae	Gequatrovirus G4
148	KX266561	834.8279796081686	-37.63153660595011	Microviridae	Gequatrovirus G4
149	KX266563	843.4448159291644	-29.91963811038493	Microviridae	Gequatrovirus G4
150	KX266576	840.7935876556492	-44.690154107340085	Microviridae	Gequatrovirus G4
151	KX266600	844.7260444217443	-37.52843254942377	Microviridae	Gequatrovirus G4
152	KX349237	-426.37246702045627	176.5398053123611	Kyanoviridae	Nerrivikvirus srim2
153	KX349238	-405.2507316647723	171.73470879910326	Kyanoviridae	Nerrivikvirus srim2
154	KX349242	-418.78658692264844	183.45145152539513	Kyanoviridae	Nerrivikvirus srim2
155	KX349245	-405.275645450444	180.75268263951412	Kyanoviridae	Nerrivikvirus srim2
156	KX349250	-415.7671639200287	172.81755422836264	Kyanoviridae	Nerrivikvirus srim2
157	KX349251	-403.6669021823882	178.93063743509114	Kyanoviridae	Nerrivikvirus srim2
158	KX349254	-402.8930214203933	177.15623689558194	Kyanoviridae	Nerrivikvirus srim2
159	KX349273	-415.30858707493553	177.10232691098602	Kyanoviridae	Nerrivikvirus srim2
160	KX349281	-384.5699541424326	178.3310606146982	Kyanoviridae	Nerrivikvirus srim2
161	KX349290	-468.49608148166885	170.11403309119186	Kyanoviridae	Neptunevirus srim18
162	KX349292	-454.84852776985485	113.19235433910237	Kyanoviridae	Vellamovirus rhodeisland44
163	KX349315	-420.31359580479284	175.01449531165454	Kyanoviridae	Brizovirus syn33
164	KX449362	536.5836513803299	-393.136887097436	Autotranscriptaviridae	Unosvirus UNOSLW1
165	KX532239	-440.87013628280465	148.04830761782156	Herelleviridae	Staphylococcus phage StAP1
166	KX765862	269.64946240864333	290.4301240324954	Casjensviridae	Chivirus ST101
167	KX889068	200.16753998961258	-85.7788582109957	Schitoviridae	Galateavirus PVA5
168	KX961629	-585.4842093410958	146.7805724959745	Herelleviridae	Bacillus phage BJ4
169	KY316062	469.6284019478305	-260.0817803106996	Autonotataviridae	Sukuvirus RSPII1
170	KY705257	435.01854440971124	253.492795577034	Aliceevansviridae	Moineauvirus P3684
171	KY705263	455.1437029456663	225.33868139329067	Aliceevansviridae	Moineauvirus P7133
172	KY705278	445.1049472168427	245.2849309400681	Aliceevansviridae	Brussowvirus P7952
173	KY705282	439.8911219185354	253.65211728298593	Aliceevansviridae	Streptococcus phage P8921
174	KY779848	-448.3752606868143	193.4539943301473	Herelleviridae	Staphylococcus phage qdsa001
175	KY883644	449.99098594463976	-335.28672157047356	Autotranscriptaviridae	Chatterjeevirus ICP3
176	KY883652	435.5859542690746	-347.6455968533006	Autotranscriptaviridae	Chatterjeevirus ICP3
177	KY963424	-389.7819199345365	-15.065914507988893	Demerecviridae	Tequintavirus SSP1
178	LC066596	789.5443934584116	-8.151838500447866	Inoviridae	Restivirus RSS1
179	LC105988	57.97600319899357	305.7748785033625	Lindbergviridae	Pseudomonas phage KPP22M1
180	LC105989	74.99315210041891	299.62639921604614	Lindbergviridae	Pseudomonas phage KPP22M2
181	LC371242	-996.4530094544848	-196.52039262567774	Straboviridae	Kagamiyamavirus ecs1
182	LC472883	67.869010071699	289.31385639983534	Lindbergviridae	Pbunavirus LS1
183	LC574321	-530.2421837717729	146.17147555636924	Herelleviridae	Kayvirus P108
184	LC592711	-287.87732610827175	40.21742905481567	Chimalliviridae	Burkholderia phage FLC6
185	LC739531	-267.9394124469925	49.775448267143105	Andersonviridae	Escherichia phage phiWec174
186	LC768499	501.60553916891035	-391.19694555957005	Autotranscriptaviridae	Teetrevirus Kp31
187	LC779549	483.6916164635579	-281.61896442898086	Autonotataviridae	Cronosvirus GY3
188	LC786485	835.4492791103478	-36.91347086895123	Microviridae	Sinsheimervirus phiX174
189	LN610574	428.15774546515854	-327.7635239722522	Autoscriptoviridae	Phikmvvirus Ab05
190	LT961844	492.97919132913535	-380.67233372483133	Autotranscriptaviridae	Helsettvirus fPS9
191	MF033347	444.80702570481844	-341.81252472634105	Autoscriptoviridae	Friunavirus B1
192	MF036690	-969.9978189822435	-212.83812735076955	Straboviridae	Winklervirus chi14
193	MF044457	-1002.7991518595558	-227.47408990258117	Straboviridae	Mosigvirus JS09
194	MF093736	114.70770329516085	458.0863817694427	Drexlerviridae	Tunavirus ISF002
195	MF158042	248.5522805330586	409.62007547459405	Drexlerviridae	Wilsonroadvirus Sd1
196	MF276773	421.17233006109586	205.40106909003399	Peduoviridae	Eganvirus EtG
197	MF288919	-600.8656359274241	129.66446419840298	Herelleviridae	Bacillus phage AaronPhadgers
198	MF375456	373.792514598053	-236.96238703643363	Autonotataviridae	Pradovirus pagan
199	MF402939	-330.18454987832865	-2.6393938843179257	Demerecviridae	Tequintavirus OSYSP
200	MF490240	38.5758910870004	300.809186116541	Lindbergviridae	Pbunavirus E217
201	MF580762	459.6483824300399	259.6559541149917	Aliceevansviridae	Streptococcus phage 9B4
202	MF580768	459.882889639254	235.63410049904607	Aliceevansviridae	Streptococcus phage C0
203	MF580773	496.8282812872842	217.50540621048222	Aliceevansviridae	Moineauvirus STP1
204	MF612071	430.036323318988	-265.4030564252389	Autoscriptoviridae	Drulisvirus altogao
205	MF630922	341.39849711245097	291.2732424868684	Drexlerviridae	Escherichia phage IMM-001
206	MF893341	519.389317533715	-347.3722963391333	Autotranscriptaviridae	Stompelvirus RPSC1
207	MF979564	-292.36819011917873	-10.586832006106334	Demerecviridae	Hongcheonvirus DUPPV
208	MG018930	-317.5213529018247	69.70048077634814	Vandenendeviridae	Ventosusvirus ventosus
209	MG099933	161.42724379046126	290.40456620175564	Sarkviridae	Kagunavirus golestan
210	MG250483	-963.7898915926775	-94.7866121386072	Straboviridae	Cinqassovirus ah1
211	MG250484	-1030.3625250188315	-220.14527680151014	Straboviridae	Moonvirus cf1
212	MG252615	336.844570468897	287.5203974797656	Sarkviridae	Escherichia phage vB_EcoS_HSE2
213	MG575419	407.91682163719975	-284.20477418075814	Autoscriptoviridae	Novosibovirus RS8pmA
214	MG646670	-258.87876411482944	57.40399485678165	Andersonviridae	Felixounavirus BPS17W1
215	MG652450	508.5381437715289	-284.689599562507	Autonotataviridae	Higashivirus RsoP1IDN
216	MG655268	-436.32107921292095	43.676234875885186	Chimalliviridae	Agricanvirus desertfox
217	MG720308	-85.48577889992043	26.337948595022254	Chimalliviridae	Aphroditevirus aphrodite1
218	MG748547	-669.5495072516154	57.57120439325425	Ackermannviridae	Kuttervirus EP75
219	MG775258	469.14215491085884	-373.3621128996158	Autotranscriptaviridae	Hennigervirus henninger
220	MG835568	541.0687205940155	-400.32695898322174	Autotranscriptaviridae	Przondovirus SHKp152410
221	MH042230	463.4033131990752	-352.13543748972154	Autoscriptoviridae	Friunavirus D2
222	MH051335	-35.503354238756856	281.5461389769771	Lindbergviridae	Wifcevirus Ro157lw
223	MH107246	-240.39240119160718	172.87288038353947	Kyanoviridae	Shandvirus sb64
224	MH107769	-570.511204644556	164.56958744923816	Herelleviridae	Staphylococcus phage vB_SauM_0414_108
225	MH172261	483.41539539593145	-371.68955600098	Autotranscriptaviridae	Przondovirus KP32i192
226	MH321490	-460.80083528293426	121.33739784886896	Herelleviridae	Staphylococcus phage Quidividi
227	MH370358	276.1187030930739	311.6766559891046	Sarkviridae	Jerseyvirus S100
228	MH370361	272.0012856268693	287.0911072006494	Sarkviridae	Salmonella phage S103
229	MH370366	-323.25736021516286	16.16355078701845	Demerecviridae	Epseptimavirus S113
230	MH370368	-641.8638195473627	72.38764663613034	Ackermannviridae	Salmonella phage S115
231	MH370369	-345.1025074960721	7.093761742644205	Demerecviridae	Epseptimavirus S116
232	MH370372	269.2752130768979	306.7546665633181	Sarkviridae	Salmonella phage S119
233	MH370384	253.4761538866287	304.9253751086161	Sarkviridae	Salmonella phage S138
234	MH370478	-192.77140449926674	59.08410831069534	Vandenendeviridae	Pseudomonas phage SRT6
235	MH375595	418.37004010195596	237.46249357007443	Aliceevansviridae	Streptococcus phage 107
236	MH375596	385.3910810182647	242.11828474573022	Aliceevansviridae	Streptococcus phage 115
237	MH382198	502.88803778359284	-397.09019362400875	Autotranscriptaviridae	Teseptimavirus tv3A8767
238	MH487649	-558.8052038946271	176.0399648169948	Herelleviridae	Bacillus phage BC01
239	MH553563	-1069.8948051242774	-271.85336945128563	Straboviridae	Tequatrovirus RB18
240	MH587638	468.88569021633907	-389.2381820521035	Autotranscriptaviridae	Przondovirus IME321
241	MH688453	136.42837215658096	442.3773024978642	Drexlerviridae	Webervirus TSK1
242	MH763831	408.9642913799694	-335.51132065381745	Autoscriptoviridae	Friunavirus Aci08
243	MH807810	490.5350166390974	-384.0445643543203	Autotranscriptaviridae	Aarhusvirus dagda
244	MH807813	474.032608801371	-364.15331662685674	Autotranscriptaviridae	Aarhusvirus katbat
245	MH809529	-323.0133467206749	107.69218522305263	Herelleviridae	Harbinvirus iacchus
246	MH830339	-275.0368937583546	34.3850768453451	Demerecviridae	Novosibvirus stubb
247	MH884511	-443.46188964479757	41.96776841429528	Herelleviridae	Exiguobacterium phage vB_EalM-132
248	MH937459	447.6219213170434	265.35433575762534	Aliceevansviridae	Moineauvirus CHPC595
249	MH937461	464.0338728368108	247.015111647996	Aliceevansviridae	Moineauvirus CHPC642
250	MH937495	454.10588720296755	241.65032433370928	Aliceevansviridae	Moineauvirus CHPC1045
251	MH940212	-682.2956997505494	52.57726385075463	Ackermannviridae	Salmonella phage PS5
252	MH973663	492.7700676954189	254.73133751839592	Aliceevansviridae	Vansinderenvirus SW24
253	MH992122	-1046.6881596568874	-254.14536017800629	Straboviridae	Mosigvirus utam
254	MK095200	503.8533610155516	-298.152772736157	Autoscriptoviridae	Phimunavirus Clickz
255	MK095205	501.76508933395894	-282.9359541391532	Autoscriptoviridae	Phimunavirus nobby
256	MK170446	276.63681438620097	344.7052019161014	Drexlerviridae	Webervirus wv13
257	MK215646	-626.601994275286	131.92520996356043	Herelleviridae	Bacillus virus vB_BthM-Goe5
258	MK250904	-544.868461819409	148.99804346545173	Herelleviridae	Kayvirus P108
259	MK257721	420.71245100179885	-331.77232860968127	Autoscriptoviridae	Friunavirus APK2
260	MK278859	450.20699543267347	-337.76637974019184	Autoscriptoviridae	Friunavirus AbKT21III
261	MK278860	-884.9413447669667	-120.62516970377388	Straboviridae	Hadassahvirus azbtza1
262	MK290739	523.518256190793	-365.4796518573405	Autotranscriptaviridae	Maklayavirus Q19
263	MK295203	-809.6293505725224	-133.72596953515256	Straboviridae	Dhakavirus ecom005
264	MK301608	101.67207060581586	-60.64983698453708	Schitoviridae	Electravirus Sbp1
265	MK327936	-1064.8413287852366	-253.57554551180644	Straboviridae	Escherichia phage vB_EcoM_G2540
266	MK327939	-1084.4663766049493	-272.3507135852181	Straboviridae	Tequatrovirus gee4498
267	MK358448	-168.74088482085926	17.126713285628142	Chimalliviridae	Aphroditevirus USC1
268	MK373787	-1045.1312532813517	-274.32064856087993	Straboviridae	Tequatrovirus geeight
269	MK373793	236.75203238169206	401.6325231524901	Drexlerviridae	Inhoffenstrassevirus MM01
270	MK393882	-304.55935961694445	12.072317303440883	Demerecviridae	Epseptimavirus ev329
271	MK416011	373.549213260015	262.2003623342689	Peduoviridae	Gegevirus ST437OXA245phi41
272	MK417516	-554.5778783167993	163.40172049197932	Herelleviridae	Kayvirus kay
273	MK433581	389.19447648602863	250.37054358872032	Peduoviridae	Gegevirus ST437OXA245phi41
274	MK448747	439.0014987710615	191.60408587603482	Aliceevansviridae	Streptococcus phage Javan385
275	MK448885	487.302725216359	208.41115557616982	Aliceevansviridae	Streptococcus phage Javan252
276	MK524178	-1048.7754148965273	-269.9000596249068	Straboviridae	Escherichia phage PHB12
277	MK639187	-1021.1640065867737	-254.15316912480517	Straboviridae	Mosigvirus JS09
278	MK693030	-464.61369463708456	169.7845744951512	Herelleviridae	Enterococcus phage vB_EfaM_Ef2.1
279	MK770412	-126.8703415016937	7.518686494899072	Andersonviridae	Kolesnikvirus SE5
280	MK886800	-1022.2222854741763	-268.9622075991342	Straboviridae	Tequatrovirus ecnp1
281	MK907243	300.547728840397	436.53659230115966	Drexlerviridae	Veterinaerplatzvirus vv12210I
282	MK907260	280.47554184397404	432.3044723093941	Drexlerviridae	Veterinaerplatzvirus vv12210I
283	MK931439	268.3844932857721	287.6248341450613	Sarkviridae	Escherichia phage Sciku
284	MK962626	322.61355669093814	-59.781326253318014	Schitoviridae	Dongdastvirus Axy04
285	MK972699	-664.8460715961182	45.61101237666833	Ackermannviridae	Kuttervirus SS9
286	MK972717	-239.95820657951072	18.466612289997755	Demerecviridae	Epseptimavirus S116
287	MK977694	-1066.9263774157755	-286.64859464235457	Straboviridae	Tequatrovirus sf23
288	MN019128	183.6608230150507	402.052660709523	Drexlerviridae	Henuseptimavirus henu7
289	MN045230	-654.1699441270695	22.6089793768287	Ackermannviridae	Taipeivirus magnus
290	MN066127	-678.7029486172516	43.3780189314258	Ackermannviridae	Salmonella phage Matapan
291	MN106244	187.94630429885706	212.41695677305708	Casjensviridae	Yonseivirus soft
292	MN131141	64.37064136485537	271.27898830001243	Lindbergviridae	Pbunavirus PA8P1
293	MN149903	467.9119826306385	-376.3111954352843	Autotranscriptaviridae	Przondovirus pv117
294	MN153503	-647.0089548057849	136.64017712370926	Herelleviridae	Bacillus phage Chotacabras
295	MN158206	206.78376348689108	436.0088091382946	Drexlerviridae	Escherichia phage BEK2
296	MN158212	280.27380289191524	431.6875679238656	Drexlerviridae	Escherichia phage BEK1-1
297	MN200778	801.7947517529594	-59.82181216757245	Inoviridae	Vasivirus VAI
298	MN266305	825.9048706962587	-31.34635308251473	Microviridae	Shigella phage SGF3
299	MN336266	316.9357395123286	340.19778199007965	Sarkviridae	Salmonella phage PIZ SAE-01E2
300	MN432485	105.54269247437924	432.5050118904678	Drexlerviridae	Hanrivervirus SFP17
301	MN445182	-314.12938312852384	29.55668908327695	Demerecviridae	Tequintavirus SA001
302	MN508623	-914.6673251939434	-153.67805570319865	Straboviridae	Enterobacter phage EC-F1
303	MN692672	368.05400266873517	-311.7738915050576	Autoscriptoviridae	Phikmvvirus 15pyo
304	MN709127	-920.1282641914241	-151.3077294392637	Straboviridae	Krischvirus gec3s
305	MN732883	-871.8185972163832	-126.43052115575028	Straboviridae	Lazarusvirus kimel
306	MN788369	-633.1077696623785	18.10673788699404	Ackermannviridae	Limestonevirus limestone
307	MN794232	-978.7163448912006	-82.22308221087498	Straboviridae	Schizotequatrovirus KVP40
308	MN844877	485.7833069339106	-345.3378561930899	Autoscriptoviridae	Natansvirus SnaPR1
309	MN850599	838.7040923160455	-34.69334147208276	Microviridae	Escherichia phage lillemer
310	MN850619	-210.1066769216784	52.02922007454151	Andersonviridae	Felixounavirus finno
311	MN850625	448.53496048200145	-227.0385144960909	Autoscriptoviridae	Bonnellvirus smaasur
312	MN890137	840.345517719896	-42.96134346996719	Microviridae	Liberibacter phage pCLasGDCZ2
313	MN954399	-357.463445598974	-2.936188687843682	Demerecviridae	Vibrio phage VPT02
314	MN988464	849.6688627350311	-34.656535416476984	Microviridae	Rhizobium phage RHph_TM24
315	MN988518	834.8796412581812	-33.5708269269119	Microviridae	Rhizobium phage RHph_N2_10
316	MT074448	-327.5076013392088	5.461988329266234	Demerecviridae	Tequintavirus oldekolle
317	MT074461	-322.9350882181359	-2.344213066742981	Demerecviridae	Epseptimavirus smaug
318	MT074474	-679.2477983161233	51.99149471256487	Ackermannviridae	Kuttervirus aagejoakim
319	MT080103	-363.9515238576357	16.787895339540867	Demerecviridae	Tequintavirus ECOP18
320	MT094430	432.846115145318	-351.1105150340477	Autonotataviridae	Bifseptvirus BIMBV45
321	MT104471	450.33569898958945	-328.5010757588483	Autoscriptoviridae	Pseudomonas phage MR8
322	MT118299	64.96511490703824	290.1345183443905	Lindbergviridae	Pseudomonas phage Epa25
323	MT161387	124.37477320686276	260.9146456178163	Lindbergviridae	Carpasinavirus FoX6
324	MT193890	763.7167194333881	-33.700755992206	Inoviridae	Versovirus Vipa71
325	MT215167	496.1101032738545	-359.67710748728814	Autotranscriptaviridae	Chatterjeevirus ICP3
326	MT330372	219.9661627284072	203.41384512596883	Casjensviridae	Jacunavirus JC01
327	MT360680	528.8761929296131	-209.0547668407387	Autoscriptoviridae	Klebsiella virus 2019KP1
328	MT374855	442.0162069401563	246.22939892614804	Peduoviridae	Peduovirus YPM22
329	MT409176	-269.4669103438125	60.50298846431363	Andersonviridae	Felixounavirus CapYZU01
330	MT411892	-566.7250665882283	185.437042746269	Herelleviridae	Staphylococcus phage Metroid
331	MT478991	-905.986682058227	-139.1805456621818	Straboviridae	Krischvirus RB49
332	MT491206	69.611026306653	287.66561851911035	Lindbergviridae	Pseudomonas phage vB_PaeM_USP_3
333	MT577844	-291.9499903497285	-3.693044672060367	Demerecviridae	Tequintavirus LmqsSP1
334	MT633129	446.46200666166396	-343.8957907460833	Autoscriptoviridae	Friunavirus fv15519
335	MT653137	282.69782804340116	322.18598377059993	Sarkviridae	Salmonella phage S55
336	MT681669	522.0091753728009	-388.9689284618869	Autotranscriptaviridae	Aeromonas phage PZL-Ah1
337	MT764206	-1055.9948615479661	-250.5535711981452	Straboviridae	Tequatrovirus sgallinarium
338	MT808983	471.8252032388607	-353.07453445095996	Autotranscriptaviridae	Kayfunavirus TM1
339	MT822288	490.22515099694533	-346.69843970673753	Autotranscriptaviridae	Ningirsuvirus pEpSNUABM12
340	MT828553	-1078.9221258657726	-264.59643831546487	Straboviridae	Tequatrovirus pyps2t
341	MT862763	505.6072440119585	-314.1191721802299	Autotranscriptaviridae	Kayfunavirus U8
342	MT887289	-282.45145517169317	44.207865917408725	Andersonviridae	Felixounavirus SME50
343	MT901799	810.4933664957096	-42.08718616958904	Inoviridae	Erwinia phage PEar4
344	MT947439	832.149973920659	-37.98496385490346	Microviridae	Sinsheimervirus phiX174
345	MT952005	310.1342034553227	196.84420936724675	Casjensviridae	Sharonstreetvirus BUCT551
346	MT984581	-1026.6024722134935	-248.73316064500426	Straboviridae	Tequatrovirus T4
347	MW042793	505.5641206764733	-377.30375245963705	Autotranscriptaviridae	Klebsiella phage 066025
348	MW117144	463.7047822626421	-294.73225084401133	Autoscriptoviridae	Phikmvvirus AIIMSPaA1
349	MW269554	303.60329929572526	214.32820823688527	Casjensviridae	Gediminasvirus AchV4
350	MW341595	-956.2352913693743	-259.7560098898516	Straboviridae	Tequatrovirus pss1
351	MW355468	292.04153798806465	307.93298585092793	Sarkviridae	Salmonella phage vB_SenS_ER4
352	MW355473	278.2939834700451	317.864025680969	Sarkviridae	Salmonella phage vB_SenS_ER9
353	MW384823	-237.1385206119396	55.25283152985577	Chimalliviridae	Erwinia phage pEa_SNUABM_43
354	MW546065	-541.0009148866629	147.44652076232387	Herelleviridae	Kayvirus G1
355	MW546069	-528.9881066041735	189.5165341971951	Herelleviridae	Staphylococcus phage PM36
356	MW584228	-512.8045175716882	121.50741148503096	Herelleviridae	Wphvirus BPS13
357	MW600722	513.3098086898078	-383.3678537820241	Autotranscriptaviridae	Klebsiella phage KPP-5
358	MW677523	129.8075662135734	141.26341204394265	Casjensviridae	Rhodobacter phage RcRios
359	MW812339	-308.1210967808677	52.588880013001415	Chimalliviridae	Erwinia phage pEa_SNUABM_29
360	MW812340	-289.2643721062716	88.26756067761022	Chimalliviridae	Erwinia phage pEa_SNUABM_42
361	MW812341	-280.7233787507748	47.150369986194306	Chimalliviridae	Erwinia phage pEa_SNUABM_9
362	MW812345	445.33194193877466	-384.3038817262383	Autotranscriptaviridae	Pseudomonas phage vB_Pci_PCMW57
363	MW960036	141.1709808343926	-47.65020506820778	Schitoviridae	Xoxocotlavirus X228B
364	MZ170041	-1072.0429206703998	-256.8783269604933	Straboviridae	Tequatrovirus effone
365	MZ172460	166.33826676171066	442.37423115641343	Drexlerviridae	Webervirus BUCT556A
366	MZ220766	559.3450619511307	-396.16179332792876	Autotranscriptaviridae	Teseptimavirus PVN09
367	MZ234009	473.73029916404425	-366.0064981023903	Autotranscriptaviridae	Kayfunavirus 101118UKE1
368	MZ234030	-1072.7490994808622	-268.55363785857196	Straboviridae	Tequatrovirus ecombl75
369	MZ285878	49.63899694282554	299.3512748841109	Lindbergviridae	Pbunavirus E215
370	MZ326863	470.60411646025864	-309.47749702636213	Autonotataviridae	Pakuvirus paku
371	MZ333132	141.6605656585516	413.45680345060885	Drexlerviridae	Erwinia phage Snitter
372	MZ358387	317.5066142792814	-84.7633592793791	Schitoviridae	Moovirus moo
373	MZ375243	481.22103413101354	-390.57519035248663	Autotranscriptaviridae	Teseptimavirus T7
374	MZ375245	497.2504010653922	-398.8839905474574	Autotranscriptaviridae	Teseptimavirus T7
375	MZ375249	502.19223153789085	-401.3500168028405	Autotranscriptaviridae	Teseptimavirus T7
376	MZ375262	504.16144642152335	-401.4376049046508	Autotranscriptaviridae	Teseptimavirus T7
377	MZ375264	525.8472315034876	-405.10693521439873	Autotranscriptaviridae	Teseptimavirus T7
378	MZ375276	540.5258652040563	-387.1657361418547	Autotranscriptaviridae	Teseptimavirus T7
379	MZ375290	559.9180476573435	-385.140654472596	Autotranscriptaviridae	Teseptimavirus T7
380	MZ375291	523.4889715205979	-397.41116831812303	Autotranscriptaviridae	Teseptimavirus T7
381	MZ375358	-495.0395470285032	64.10566406047062	Ackermannviridae	Kuttervirus SenALZ1
382	MZ417321	-499.78377525459837	200.38020106231207	Herelleviridae	Staphylococcus phage PG-2021_18
383	MZ417327	-457.64140102577994	218.75316212834022	Herelleviridae	Staphylococcus phage PG-2021_29
384	MZ417331	-486.5783066849988	222.3692599745423	Herelleviridae	Staphylococcus phage PG-2021_35
385	MZ417335	-524.7242195432366	209.09829744871618	Herelleviridae	Staphylococcus phage PG-2021_43
386	MZ424864	479.4222919848796	-262.5314813668364	Autoscriptoviridae	Drulisvirus ZX6
387	MZ501046	-1083.2139007680846	-275.90088035780974	Straboviridae	Tequatrovirus teqdroes
388	MZ501049	256.4500061772344	-73.53684810890627	Schitoviridae	Enquatrovirus N4
389	MZ501072	-358.2981977157767	-9.051989675476108	Demerecviridae	Epseptimavirus gretekellenberger
390	MZ501078	500.9878321102922	-390.01018330396505	Autotranscriptaviridae	Teseptimavirus jacobburckhardt
391	MZ501080	136.72311651075984	433.44995881295495	Drexlerviridae	Veterinaerplatzvirus Jeanpiccard
392	MZ501087	160.37078317199757	426.65092838609235	Drexlerviridae	Julespiccardvirus julespiccard
393	MZ501108	-308.9861122265986	7.8240983230577115	Demerecviridae	Epseptimavirus trudigerster
394	MZ501260	-592.028881274095	121.53040728479121	Herelleviridae	Bacillus phage 010DV004
395	MZ501262	-557.01673416435	112.06194342650662	Herelleviridae	Bacillus phage 035JT004
396	MZ501272	436.30541510500484	-386.39930570502213	Autotranscriptaviridae	Ghunavirus AH05
397	MZ502379	-1034.2802395174754	-269.0581490202337	Straboviridae	Escherichia phage vB_EcoM_Shinka
398	MZ504877	-886.4781300646547	-149.25308013258336	Straboviridae	Enterobacteria phage Cognac
399	MZ576217	194.10344325020174	303.0822789564197	Sarkviridae	Escherichia phage vB_EcoS-phiEc3
400	MZ634351	138.20065324570896	430.4626723493644	Drexlerviridae	Webervirus PWKp20
401	MZ751040	-454.70624507467414	37.959613134013665	Herelleviridae	Bacillus phage phi18
402	MZ773648	263.32184246958764	-39.89407893247607	Schitoviridae	Gonggongvirus R7l
403	NC_003313	449.8502919495081	241.82101670906226	Peduoviridae	Longwoodvirus K139
404	NC_004306	780.5495649071115	-62.81961235810718	Inoviridae	Fibrovirus fs1
405	NC_005135	-852.9177583909745	-150.68925678261377	Straboviridae	Biquartavirus 44RR2
406	NC_005260	-984.5192991512123	-86.25431388365467	Straboviridae	Cinqassovirus aeh1
407	NC_006820	-526.4071951090493	111.1722129847079	Kyanoviridae	Nodensvirus spm2
408	NC_006940	359.73483181992196	253.85940294538167	Sarkviridae	Jerseyvirus SS3e
409	NC_007066	-514.0443459503635	166.62143018807342	Herelleviridae	Kayvirus G1
410	NC_007291	246.4407254070686	389.44428013128436	Drexlerviridae	Rogunavirus Jk06
411	NC_007823	833.6260707025051	-35.74997511433726	Microviridae	Alphatrevirus NC28
412	NC_008296	-437.4254333118995	181.79782554155847	Kyanoviridae	Ormenosvirus syn9
413	NC_008574	766.2110692433719	-11.116873659745565	Inoviridae	Habenivirus RSM1
414	NC_009015	25.57829786768616	326.9708541150334	Lindbergviridae	Bcepfunavirus bcepF1
415	NC_010821	-618.5300109688767	17.013853956630626	Chimalliviridae	Serwervirus 201phi21
416	NC_011166	65.89394172275388	312.6055306513598	Lindbergviridae	Pbunavirus LMA2
417	NC_011756	63.75847445954196	284.23606132445354	Lindbergviridae	Pbunavirus SN
418	NC_012740	-921.3071885193297	-151.8417707160575	Straboviridae	Krischvirus jse
419	NC_013638	459.42425975481274	-337.2115534374445	Autoscriptoviridae	Tunggulvirus f2
420	NC_013691	277.7884435523763	-109.34441022234392	Schitoviridae	Luzseptimavirus LUZ7
421	NC_013692	236.0721985428388	-87.10829787896122	Schitoviridae	Litunavirus LIT1
422	NC_014036	-907.3377617622954	-142.08860396214345	Straboviridae	Slopekvirus kp15
423	NC_014663	-863.649372728193	-134.58106021141901	Straboviridae	Acajnonavirus acj9
424	NC_015159	458.4751504448043	-345.9576157723211	Autotranscriptaviridae	Chatterjeevirus ICP3
425	NC_015249	475.81598992249224	-374.7867331427266	Autotranscriptaviridae	Berlinvirus 285P
426	NC_015269	-294.7376194541214	1.3209518921210304	Demerecviridae	Tequintavirus SPC35
427	NC_015290	-422.0537571759471	172.20117642097196	Kyanoviridae	Palaemonvirus pssm7
428	NC_015292	-110.92230750661861	8.341937216381893	Andersonviridae	Kolesnikvirus Ea214
429	NC_015585	371.6627725688411	-239.6903693126769	Autoscriptoviridae	Waewaevirus limezero
430	NC_016570	-665.062711134662	45.645545532643695	Ackermannviridae	Kuttervirus CBA120
431	NC_019448	-502.8342688250873	161.19219939465773	Herelleviridae	Kayvirus G15
432	NC_019487	-545.9365299057536	20.061214521528356	Herelleviridae	Bacillus phage SP-10
433	NC_019514	272.4360331359044	-62.86761726404432	Schitoviridae	Waedenswilvirus S6
434	NC_019726	-540.4182379169226	158.96630473560205	Herelleviridae	Kayvirus JD7
435	NC_020080	-939.2291154090447	-132.24385205377465	Straboviridae	Slopekvirus kp27
436	NC_020081	-440.8851131679778	175.267977004787	Herelleviridae	Agatevirus agate
437	NC_020875	-450.7555339200744	165.4688230522699	Kyanoviridae	Greenvirus ssm4
438	NC_021331	70.36514699743702	413.01058415644184	Drexlerviridae	Hanrivervirus pSf1
439	NC_021337	584.7229184998175	-340.46809427755807	Autoscriptoviridae	Friunavirus AB3
440	NC_022746	439.2946956422809	-350.03076589159866	Autoscriptoviridae	Phikmvvirus MPK6
441	NC_023570	491.22556003078967	-358.9688022130699	Autoscriptoviridae	Pettyvirus petty
442	NC_023586	737.1176147219501	-40.10287483687455	Inoviridae	Ralstonia phage 1 NP-2014
443	NC_024204	316.0002987627629	305.62012421184147	Sarkviridae	Jerseyvirus Ent1
444	NC_024364	-398.0305585404824	142.18007862984317	Herelleviridae	Pecentumvirus list36
445	NC_024367	184.37018577917524	-77.37371323153704	Schitoviridae	Baltimorevirus DFL12
446	NC_025428	216.92505100882522	244.23579637505875	Casjensviridae	Ruegeria phage DSS3-P1
447	NC_025437	-1040.7409630578318	-249.5224298784441	Straboviridae	Mosigvirus utam
448	NC_025445	436.0819651553463	-259.3064052763385	Autoscriptoviridae	Bonnellvirus smaasur
449	NC_025449	-1057.3574500217383	-274.0929436360496	Straboviridae	Tequatrovirus ecml134
450	NC_025454	789.1097898736182	-21.245835842254046	Inoviridae	Habenivirus RS603
451	NC_026010	96.56871692438199	463.54205705206255	Drexlerviridae	Tunavirus PSf2
452	NC_026017	349.8148781927546	288.8303360763108	Sarkviridae	Jerseyvirus LSPA1
453	NC_026607	-966.6991827831581	-182.86876005651715	Straboviridae	Gelderlandvirus stp4a
454	NC_027292	499.01338931473515	-382.538204345831	Autotranscriptaviridae	Pifdecavirus BIMBV46
455	NC_027329	-247.22324582470605	67.1748432226222	Andersonviridae	Felixounavirus SP116
456	NC_027340	-497.03656886669614	13.362525839180734	Ackermannviridae	Nezavisimistyvirus Ea2809
457	NC_027368	359.0686872175486	275.1832988188132	Peduoviridae	Vulnificusvirus PV94
458	NC_027375	402.87497339601236	-317.650037504044	Autoscriptoviridae	Phikmvvirus ABTNL
459	NC_027404	-1074.8124699045545	-274.87512792701614	Straboviridae	Tequatrovirus pst
460	NC_028663	-410.48933243054216	182.46279327781113	Kyanoviridae	Libanvirus ptim40
461	NC_028698	356.8144342560813	293.2566384020448	Sarkviridae	Jerseyvirus f18SE
462	NC_028894	-1045.1599876799942	-231.639019106016	Straboviridae	Gaprivervirus vr20
463	NC_028943	443.45256879535145	227.89967787778963	Peduoviridae	Peduovirus pro483
464	NC_028983	-381.4826646819288	50.12778898697914	Herelleviridae	Siminovitchvirus shanette
465	NC_028988	439.2018947181732	-281.5360994023771	Autonotataviridae	Risjevirus RSJ2
466	NC_029007	439.60888469535666	-293.55180305335125	Autonotataviridae	Risjevirus RSJ5
467	NC_029014	845.4990558629518	-53.138968721403955	Microviridae	Parabacteroides phage YZ-2015b
468	NC_029030	487.4566676194411	166.85592432747708	Aliceevansviridae	Streptococcus phage APCM01
469	NC_029042	-559.7700061572461	55.23418838476431	Ackermannviridae	Kuttervirus kv38
470	NC_029102	551.4976047678049	-392.7329412822145	Autotranscriptaviridae	Teetrevirus E2
471	NC_030903	-466.8214210632275	138.01647904946427	Herelleviridae	Nitunavirus SPG24
472	NC_030920	-502.39697485184274	155.75447062204768	Herelleviridae	Eldridgevirus eldridge
473	NC_030923	513.9579979068756	-325.660865693809	Autoscriptoviridae	Kantovirus C171
474	NC_031045	-646.7180676877582	58.217609471161865	Ackermannviridae	Kuttervirus GG32
475	NC_031054	-608.4884170200498	134.214294110387	Herelleviridae	Wphvirus megatron
476	NC_031103	-1039.2520879842968	-277.8491224470169	Straboviridae	Tequatrovirus ecomufv133
477	NC_031116	-607.8674625220266	131.75458853884254	Herelleviridae	Bacillus phage Zuko
478	NC_031903	-417.62066257396987	177.476718043511	Kyanoviridae	Alisovirus socal22
479	NC_031933	-345.1285780441367	19.471259409841608	Demerecviridae	Epseptimavirus 118970sal2
480	NC_041907	223.94571072625172	-88.95176614809925	Schitoviridae	Litunavirus PA26
481	NC_041936	-929.2365184597817	-135.76402740734176	Straboviridae	Krischvirus ecd7
482	NC_041992	284.4205821746432	313.9949042566242	Sarkviridae	Jerseyvirus wksl3
483	NC_042017	-263.29923436481545	68.63880472746234	Andersonviridae	Mooglevirus Sf13
484	NC_042039	-1050.0164685573498	-289.3555891396713	Straboviridae	Tequatrovirus sf22
485	NC_042048	-435.47328865830036	185.84708270248868	Herelleviridae	Pecentumvirus LMTA34
486	NC_042067	-1031.2003451708556	-205.45099587193414	Straboviridae	Moonvirus cf1
487	NC_042096	-241.56016201724015	70.46561386642819	Andersonviridae	Felixounavirus BPS17L1
488	NC_042104	447.6130278806331	-358.7263787399979	Autonotataviridae	Pollyceevirus pollyC
489	NC_042130	-1080.1838571561393	-285.5650804388457	Straboviridae	Tequatrovirus slur02
490	NC_043469	115.14312663396049	446.43941170418486	Drexlerviridae	Webervirus F20
491	NC_047721	-384.1609339893889	158.82302919725672	Herelleviridae	Kayvirus G1
492	NC_047750	358.0394617198792	247.74696772511842	Peduoviridae	Baylorvirus bv1127AP1
493	NC_047779	495.95691989128386	-250.3799165360363	Autoscriptoviridae	Drulisvirus KPRio2015
494	NC_047797	458.1607292578137	-362.2777587852182	Autotranscriptaviridae	Pektosvirus PP81
495	NC_047811	427.8328003884353	-249.042116880102	Autoscriptoviridae	Drulisvirus KpV74
496	NC_047818	444.3383417327493	246.8209546218686	Peduoviridae	Elveevirus 4LV2017
497	NC_047827	408.1581005106086	-370.210400113953	Autotranscriptaviridae	Ghunavirus KNP
498	NC_047828	116.30676644361506	472.10165527212575	Drexlerviridae	Tunavirus SH2
499	NC_047867	500.4294685048487	-382.3031845154676	Autotranscriptaviridae	Teetrevirus T7M
500	NC_047883	429.7561099596642	-346.9359998114412	Autoscriptoviridae	Friunavirus SWHAb3
501	NC_047945	-473.5768734220346	171.78354184760025	Herelleviridae	Baoshanvirus BS1
502	NC_047948	-501.8722485610301	188.8581328425037	Herelleviridae	Baoshanvirus BS2
503	NC_047966	395.68784450840803	-345.0721150095545	Autonotataviridae	Aerosvirus av25AhydR2PP
504	NC_047968	472.0946500185207	-374.2744935382659	Autotranscriptaviridae	Przondovirus KP32i192
505	NC_047980	487.074322344605	-392.5129307968747	Autotranscriptaviridae	Przondovirus NLZS2
506	NC_047997	531.1927867743309	-373.0016198394452	Autotranscriptaviridae	Pfluvirus PFP1
507	NC_047998	130.8352254180154	460.0702759441509	Drexlerviridae	Tunavirus Sfin1
508	NC_048014	473.25504426007114	-381.8208664660418	Autotranscriptaviridae	Przondovirus IME321
509	NC_048042	109.07118118030803	447.0001849436642	Drexlerviridae	Webervirus TAH8
510	NC_048060	468.5442649738909	-368.841840175015	Autotranscriptaviridae	Aarhusvirus mysterion
511	NC_048088	158.9080660627776	402.8703222960196	Drexlerviridae	Kyungwonvirus CS01
512	NC_048110	-325.08456958279294	23.432530237708733	Demerecviridae	Epseptimavirus seafire
513	NC_048120	481.6181677781499	-277.2968844711896	Autoscriptoviridae	Phimunavirus zenivior
514	NC_048124	307.61547116637485	-112.25827559013783	Schitoviridae	Mukerjeevirus mv48B1
515	NC_048126	149.8204001614663	426.8189730809295	Drexlerviridae	Webervirus TSK1
516	NC_048130	659.2591204534494	-367.9227561559894	Autotranscriptaviridae	Przondovirus KN41
517	NC_048132	70.71681665413212	435.32379264390534	Drexlerviridae	Warwickvirus wv95
518	NC_048135	512.0629519195998	-388.8849708821134	Autotranscriptaviridae	Kayfunavirus EcpYZU01
519	NC_048162	123.75789982028186	447.37388928579446	Drexlerviridae	Webervirus GHK3
520	NC_048200	434.77934130008384	-371.0249295505731	Autotranscriptaviridae	Hennigervirus shl2
521	NC_048202	94.2364675992851	454.4754028594166	Drexlerviridae	Warwickvirus ityhuna
522	NC_048626	65.70927171584731	263.93345876182696	Lindbergviridae	Pbunavirus PA01
523	NC_048627	-341.1684846395201	24.65657566896664	Demerecviridae	Tequintavirus SP15
524	NC_048632	244.0735971874401	183.85386654254322	Casjensviridae	Chivirus cv35
525	NC_048654	202.80986454190725	-65.07406249060031	Schitoviridae	Cbunavirus CB4
526	NC_048660	-595.7705617570908	51.13910367824283	Ackermannviridae	Tedavirus A829
527	NC_048668	-416.74760441876697	28.93205030462215	Chimalliviridae	Moabitevirus mv2050HW
528	NC_048760	-338.78520903885783	9.85506263678272	Demerecviridae	Epseptimavirus Sds2
529	NC_048779	-157.03990605129934	30.930814706092235	Chimalliviridae	Aphroditevirus USC1
530	NC_048785	-281.6292970524612	-15.286440204360702	Demerecviridae	Epseptimavirus SE24
531	NC_048786	-267.8385847398365	-31.28321923359369	Demerecviridae	Tequintavirus SE11
532	NC_048867	-315.7028443800698	-15.650486335086583	Demerecviridae	Epseptimavirus faergetype
533	NC_049385	416.6044193783912	228.30536949611982	Peduoviridae	Peduovirus P22H4
534	NC_049391	376.5262824051481	227.25183637587926	Peduoviridae	Xuanwuvirus P884B11
535	NC_049394	438.3829503747163	190.1108219911088	Peduoviridae	Quadragintavirus ev129
536	NC_049440	-679.2036398572618	54.47063153828756	Ackermannviridae	Kuttervirus SenALZ1
537	NC_049445	-895.0278344986502	-106.466637631751	Straboviridae	Hadassahvirus azbtza1
538	NC_049460	494.7547118061709	190.9259327951644	Peduoviridae	Irrigatiovirus SI7
539	NC_049467	350.70722992499077	-85.14530107783511	Schitoviridae	Pylasvirus KpCHEMY26
540	NC_049503	-645.2876694680584	51.47425001839986	Ackermannviridae	Kuttervirus aagejoakim
541	NC_049815	124.20647490787746	409.55478471492256	Drexlerviridae	Warwickvirus tonn
542	NC_049829	177.36286192232342	413.5075708297661	Drexlerviridae	Hanrivervirus aalborv
543	NC_049834	102.92996523761394	458.2517595100777	Drexlerviridae	Webervirus IMGroot
544	NC_049835	85.65141439032936	441.2780656394782	Drexlerviridae	Webervirus domnhall
545	NC_050148	72.11119673647545	308.81311727156026	Lindbergviridae	Pbunavirus Pa193
546	NC_052979	271.2619202395488	208.99447229273702	Casjensviridae	Kokobelvirus kokobel1
547	NC_052986	278.6439301021089	206.0378417240848	Casjensviridae	Sharonstreetvirus BUCT551
548	NC_052989	195.87328833598144	178.43281916970804	Casjensviridae	Jacunavirus JC01
549	NC_053011	277.84003064337	235.75367754221085	Casjensviridae	Gwanakrovirus SNUABM08
550	NC_054893	123.39835795567956	463.64991230683256	Drexlerviridae	Changchunvirus W011D
551	NC_054906	-1071.3494674378344	-288.3691438470669	Straboviridae	Tequatrovirus RB18
552	NC_054911	-1069.149262116931	-281.23229454498744	Straboviridae	Tequatrovirus ec04
553	NC_054913	-1014.885989949664	-239.92660434189753	Straboviridae	Mosigvirus efftwo
554	NC_054916	-1076.3240122087486	-263.2549983214933	Straboviridae	Tequatrovirus ecomg28
555	NC_054920	-1053.6748486248712	-265.003334669582	Straboviridae	Tequatrovirus gee9062
556	NC_054932	-1069.9176419946875	-279.92624178410574	Straboviridae	Tequatrovirus teqdroes
557	NC_054971	251.31494106140917	-82.26556582130756	Schitoviridae	Pourcelvirus Axy10
558	NC_055740	-990.6879907955882	-241.04535304472753	Straboviridae	Dhakavirus ime281
559	NC_055846	447.94185980156976	252.9409614471651	Peduoviridae	Peduovirus YPM50
560	NC_055849	-373.56224218625607	-1.2389108418571908	Demerecviridae	Thalassavirus cody
561	NC_055851	-370.6900491071531	-18.763863227057456	Demerecviridae	Thalassavirus athena
562	NC_055913	-395.88303049598153	-28.06712275128684	Demerecviridae	Thalassavirus gary
563	NC_061421	-466.49473118309857	77.24874429228595	Chimalliviridae	Maaswegvirus Kp24
564	NC_062735	-479.6808694542374	181.4374186186901	Kyanoviridae	Potamoivirus tusconj
565	NC_069147	284.90759648631956	273.4696547954828	Sarkviridae	Cornellvirus GRNsp27
566	NC_069149	249.68722636271355	261.6678883103457	Sarkviridae	Cornellvirus SenTO17
567	NC_069156	320.837401900611	258.88673484860703	Sarkviridae	Otakuvirus otaku
568	NC_070657	433.06220493125943	251.45421221932756	Aliceevansviridae	Moineauvirus CHPC1027
569	NC_070661	372.02510811591037	239.8587867042564	Aliceevansviridae	Moineauvirus CHPC1041
570	NC_070672	423.9549256995674	261.1102117511889	Aliceevansviridae	Moineauvirus CHPC663
571	NC_070687	462.80457608140364	257.0404193454332	Aliceevansviridae	Moineauvirus L5A1
572	NC_070688	440.7031954059112	250.881381121045	Aliceevansviridae	Moineauvirus M19
573	NC_070690	461.5325314580807	232.9698362588185	Aliceevansviridae	Moineauvirus P0091
574	NC_070693	445.83970833869967	258.44726478706957	Aliceevansviridae	Moineauvirus P5641
575	NC_070709	417.85306895774465	233.0686111550967	Aliceevansviridae	Moineauvirus P9854
576	NC_070716	418.99510623664446	254.1753624039017	Aliceevansviridae	Moineauvirus SW12
577	NC_070723	448.37203196578184	250.3393047001687	Aliceevansviridae	Moineauvirus SWK3
578	NC_070725	422.7166620067801	244.13279071443466	Aliceevansviridae	Moineauvirus VA214
579	NC_070856	224.21169026098005	-79.13037700384702	Schitoviridae	Acanvirus Rheph16
580	NC_070872	294.1678620914606	-84.04189115610404	Schitoviridae	Gamaleyavirus U1g
581	NC_070909	364.50785028735754	245.4654747030531	Peduoviridae	Elveevirus cartapus
582	NC_070915	411.6636690700209	234.87508711639774	Peduoviridae	Duonihilunusvirus YenM5617
583	NC_070999	-252.39160156348703	26.70084968145875	Chimalliviridae	Ferozepurvirus pAEv1810
584	NC_071054	461.21447703689273	264.0959042426962	Aliceevansviridae	Vansinderenvirus P0093
585	NC_071056	455.0097773095374	263.5638358875749	Aliceevansviridae	Vansinderenvirus P0092
586	NC_071060	438.12405714737724	254.64361351576648	Aliceevansviridae	Vansinderenvirus SW19
587	NC_071076	445.8153806659525	249.96695863032627	Aliceevansviridae	Brussowvirus P7952
588	NC_073181	321.7844953649653	299.0842266347563	Sarkviridae	Jerseyvirus jv5sent1
589	NC_073184	304.1845233703823	323.75684153687223	Sarkviridae	Jerseyvirus F12013
590	NC_073206	310.8274329928563	312.88099906211994	Sarkviridae	Jerseyvirus CTH7
591	NC_073207	308.6679545375937	304.3620626295195	Sarkviridae	Jerseyvirus SHWT1
592	NC_073317	241.000740013626	314.3269086691961	Sarkviridae	Escherichia phage vB_EcoS_fPoEco01
593	NC_073323	189.76355435992355	301.8185264696017	Sarkviridae	Escherichia phage vB_EcoS-phiEc3
594	NC_073609	-271.29005683429114	87.86833671163768	Vandenendeviridae	Pakpunavirus EPA1
595	NC_073615	-286.72675099185585	79.82337157246758	Vandenendeviridae	Pakpunavirus HJ01
596	NC_073616	-263.33427372321876	78.49007032834533	Vandenendeviridae	Pakpunavirus B8
597	NC_073618	-265.3440809944402	90.31427349424376	Vandenendeviridae	Pakpunavirus B55
598	NC_073752	792.7059728503075	-37.64235182991353	Inoviridae	Lophivirus Cf2
599	NC_073760	782.7035107249742	-68.25915002210488	Inoviridae	Villovirus VALG8
600	NC_074762	791.9438205861582	-30.603359212187385	Inoviridae	Coriovirus Cf1c
601	NC_100331	-362.52773039837234	17.70387729252107	Demerecviridae	Tequintavirus HASG4
602	NC_100383	-449.67232993293806	167.41061310921825	Herelleviridae	Schiekvirus ben
603	NC_103643	-317.0988627452582	15.358020595236383	Demerecviridae	Epseptimavirus STWB21
604	NC_104190	-339.49610151844126	22.967433462288454	Demerecviridae	Tequintavirus IME178
605	NC_104952	760.1964522657925	-27.84881467976247	Inoviridae	Versovirus Vipa4291
606	NC_105117	-344.1188951256463	12.102562612997758	Demerecviridae	Epseptimavirus trudiroth
607	NC_105825	-332.779653169687	10.39800266244518	Demerecviridae	Tequintavirus ECOP18
608	NC_109362	453.14383209647235	230.97802196522863	Peduoviridae	Bielevirus A051
609	OK040807	-226.84387472892422	60.80291307987315	Andersonviridae	Escherichia phage C600M2
610	OK138556	508.4214724541505	-394.7499922711544	Autotranscriptaviridae	Przondovirus IME531
611	OK149215	504.43584225437394	-394.2779329945814	Autotranscriptaviridae	Teetrevirus IME305
612	OK210074	481.88091772458006	-358.15728821115533	Autotranscriptaviridae	Kayfunavirus KKP3263
613	OK272473	-1070.342910962951	-273.38339776097547	Straboviridae	Tequatrovirus gizh
614	OK272476	-1079.59988440019	-291.207448615249	Straboviridae	Tequatrovirus gizh
615	OK272481	109.93168928067871	429.16464431758516	Drexlerviridae	Escherichia phage JLBYU38
616	OK499990	-624.8643748377767	148.24186642346223	Herelleviridae	Bacillus phage vB_BanH_RonSwanson
617	OK539826	-259.7564464058396	91.57795570998982	Vandenendeviridae	Pakpunavirus phipa10
618	OK539833	-238.15879059620374	48.842513643409944	Andersonviridae	Felixounavirus pSJ21
619	OK583893	437.04676928087747	-265.53383872908694	Autoscriptoviridae	Drulisvirus KPPK1082
620	OK665835	-313.8906377063722	5.573312801729642	Demerecviridae	Tequintavirus EC100
621	OL362041	-1072.0822764514992	-274.4172530599401	Straboviridae	Tequatrovirus gee9062
622	OL362268	53.819857104874245	283.24376724379067	Lindbergviridae	Pseudomonas phage 6917
623	OL362279	464.13650378839725	-268.30700640277007	Autoscriptoviridae	Drulisvirus dv6995
624	OL436245	-472.5611324766958	166.34540010165435	Herelleviridae	Staphylococcus phage vB_SurM-PSU4
625	OL539457	157.2213624196438	421.7247133401572	Drexlerviridae	Klebsiella phage vB_KaeD_HazelMika
626	OL539460	150.29604699847732	430.3216343866442	Drexlerviridae	Webervirus fairdinkum
627	OL606627	248.3857741206059	261.2817033350243	Casjensviridae	Klebsiella phage vB_KaeS_Phraden
628	OL656107	-1061.3579801677004	-279.92634008483685	Straboviridae	Salmonella phage UAB_60
629	OL754588	81.89604679336571	301.23873024981697	Lindbergviridae	Pseudomonas phage PAP8
630	OL964735	-1036.3010259605671	-268.12677760711057	Straboviridae	Tequatrovirus T4
631	OL964754	308.4385113645583	202.46646936706676	Casjensviridae	Aeromonas phage pAEv1812
632	OM258170	219.76114107890658	434.49324245131515	Drexlerviridae	Rtpvirus ZL19
633	OM293948	-346.85697472885727	50.452860786776256	Herelleviridae	Levilactobacillus phage ENFP1
634	OM421595	-163.16486044960925	83.89498024279538	Vandenendeviridae	Nankokuvirus KPP10
635	OM687511	239.11253816071553	-108.03153205224332	Schitoviridae	Burkholderia phage vB_BpP_HN01
636	OM716005	462.6434433214829	-334.8281897623199	Autotranscriptaviridae	Armandvirus PT2
637	OM937123	493.8846484412072	-350.5878396600166	Autotranscriptaviridae	Kayfunavirus CY1
638	OM953433	-123.03858233332812	-33.3409177480836	Andersonviridae	Mooglevirus Henu11
639	OM960734	-1017.9710128725457	-223.29470483059004	Straboviridae	Escherichia phage vB_EcoM_SCS57
640	OM971649	-731.1450766973757	-51.93511605497878	Straboviridae	Klebsiella phage CPRSB
641	OM982620	-318.12713369856374	51.77072333309104	Vandenendeviridae	Kremarvirus kremar
642	OM982621	-817.1593997759294	-64.48412619420307	Vandenendeviridae	Pseudomonas phage Astolliot
643	ON135435	364.58926619066915	243.67080568373476	Peduoviridae	Burkholderia phage PhiBP82.3
644	ON169961	-669.5131497123344	68.93036368499406	Ackermannviridae	Salmonella phage BRM 13312
645	ON185586	122.65536240271376	448.6989027355802	Drexlerviridae	Escherichia phage EC125
646	ON185587	143.6750147290843	425.9885879409584	Drexlerviridae	Escherichia phage EC167
647	ON190025	-981.6434247679078	-92.48317896164384	Straboviridae	Vibrio phage PVA23
648	ON210138	-211.30390536215918	70.2851989739209	Andersonviridae	Felixounavirus EC106
649	ON287376	-363.35187052563356	-33.37564402471044	Chimalliviridae	Serratia phage vB_SmaM-Kodama
650	ON287378	462.66568505221653	-356.98995831932393	Autotranscriptaviridae	Ningirsuvirus DchS19
651	ON366411	-569.9419318710483	174.8711598104492	Herelleviridae	Bacillus phage vB_BceH_LY2
652	ON524870	-101.28621110238578	87.16008880131258	Vandenendeviridae	Pseudomonas phage vB_PaeM_RP14
653	ON526838	304.78587866904604	303.46304414062274	Sarkviridae	Salmonella phage GRNsp6
654	ON528723	507.6891028510306	-385.75798653608626	Autotranscriptaviridae	Shigella phage ESh10
655	ON528743	-1065.9316987092718	-279.1328114018876	Straboviridae	Shigella phage ESh33
656	ON604651	436.08783857073627	-354.7834532765305	Autotranscriptaviridae	Jelgvirus JELGKS1
657	ON637250	491.7092955691826	-350.77822083495437	Autotranscriptaviridae	Kayfunavirus 6925
658	ON642070	383.4061146796944	229.88622896678677	Peduoviridae	Kisquinquevirus Carl1
659	ON720977	360.18454057154236	318.5113980866073	Sarkviridae	Jerseyvirus GRNsp50
660	ON809762	234.47676760194918	258.39211468886026	Casjensviridae	Salmonella phage SeF2
661	ON857926	383.54470685267484	-326.92417524753216	Autoscriptoviridae	Phikmvvirus FBPa3
662	ON857930	59.649360240784745	294.2655867096612	Lindbergviridae	Pseudomonas phage vB_PaeM_FBPa12
663	ON857935	401.7389797537908	-313.23070619165844	Autoscriptoviridae	Pseudomonas phage vB_PaeP_FBPa25
664	OP009277	148.6756739180828	170.93501836325427	Casjensviridae	Rhodobacter phage RcMaeve
665	OP013026	515.288943931633	-388.8541322233027	Autotranscriptaviridae	Przondovirus NK20
666	OP094641	129.16885051646796	459.608800567402	Drexlerviridae	Tunavirus Lg3
667	OP131590	424.14732518411415	257.401914815821	Peduoviridae	Acidovorax phage Alfacinha1
668	OP172784	-1052.892150253869	-280.8854231706534	Straboviridae	Escherichia phage ECO07P1
669	OP263968	-537.3916649060109	205.18336164387935	Herelleviridae	Staphylococcus phage Biyabeda-mokiny_2
670	OP291336	390.48359143215043	-324.07686684922714	Autoscriptoviridae	Friunavirus AIIMSAbE5RC
671	OP352608	-32.60238279799023	273.53509194436185	Lindbergviridae	Wifcevirus SP13
672	OP380598	-863.5179127084274	-140.3613216752093	Straboviridae	Aeromonas phage avDM14-QBC
673	OP380603	-867.3213071847925	-143.40418909575544	Straboviridae	Aeromonas phage avDM9-HANS
674	OP413832	271.740147953971	291.0553287714813	Drexlerviridae	Webervirus pKPBS31711
675	OP433453	801.6556240582502	-39.76284748417477	Inoviridae	Anademivirus AFP
676	OP481051	257.9104693574618	-72.56621228063383	Schitoviridae	Alteromonas phage vB_AemP_PT15-A5
677	OP535465	-462.7459724098003	70.82855303578688	Kyanoviridae	Synechococcus phage S-CREM1
678	OP599913	-97.79101644599677	-18.209907267975183	Chimalliviridae	Pseudomonas phage IR-QUMS-PaBa1-GHS-2021
679	OP745616	313.4622007274545	-98.45455785111446	Schitoviridae	Escherichia phage E20
680	OP745948	-269.3186001173699	-12.190097317764653	Demerecviridae	Citrobacter phage vB_CfrD-Cit2
681	OP870147	-1037.2897572271672	-241.4809805003411	Straboviridae	Escherichia phage vB_Eco_F31
682	OP946502	-878.3359027967877	-119.17393976643919	Straboviridae	Acinetobacter phage vB_AbaM_DLP2
683	OP966774	267.1560965101005	264.58335500897203	Casjensviridae	Salmonella phage PST-D32
684	OP978391	-1060.7424451901347	-256.73798842316046	Straboviridae	Escherichia phage HP3.2
685	OQ025229	-484.50116642151147	159.4054994161461	Herelleviridae	Staphylococcus phage StAP1
686	OQ025230	-452.57688484480695	142.10138427438352	Herelleviridae	Staphylococcus phage SAP6
687	OQ031075	-410.86536130338254	10.060096697680493	Demerecviridae	Tequintavirus KPP2018
688	OQ095916	-394.5744745431957	-14.322833644632567	Demerecviridae	Vibrio phage Chloris
689	OQ137559	426.50179298479566	-295.6080299497276	Autonotataviridae	Dcimvirus DCM
690	OQ174510	-228.9782363469276	46.39435883050197	Andersonviridae	Escherichia phage REP11
691	OQ181210	215.5583102592691	-46.6158117628391	Schitoviridae	Erwinia phage Kuerle
692	OQ319933	-255.27095752446985	79.07296156207718	Vandenendeviridae	Pseudomonas phage bmx-p3
693	OQ331036	-949.8800714712005	-151.64629577197144	Straboviridae	Yersinia phage MHG19
694	OQ341635	-328.03557696878806	-20.942851800711622	Demerecviridae	Epseptimavirus PRFSP13
695	OQ383619	262.9975949275811	253.05949796497205	Casjensviridae	Salmonella phage MET_P1_122_58
696	OQ434248	-531.560473254252	138.86959525345011	Herelleviridae	Staphylococcus phage RuSa1
697	OQ448193	-436.4660744402868	137.1312289265153	Herelleviridae	Staphylococcus phage 80A
698	OQ507919	476.3404451365834	-415.509934616033	Autotranscriptaviridae	Rindgevirus tarrare
699	OQ579028	473.8569784252161	-385.25902029243844	Autotranscriptaviridae	Klebsiella phage Tokugawa
700	OQ627164	377.49033260850115	189.52695385378948	Aliceevansviridae	Streptococcus phage phiKSM96
701	OQ660437	-657.9983344013382	48.216571439772224	Ackermannviridae	Salmonella phage D5lw
702	OQ828463	95.83670582016089	284.95110025996314	Lindbergviridae	Pseudomonas phage PA_GL1
703	OQ828465	-493.7051230715449	18.084154331402345	Chimalliviridae	Pseudomonas phage PA_ZH1
704	OQ831729	137.05970019761867	272.25290334224303	Lindbergviridae	Pseudomonas phage E2005-C
705	OQ850288	-244.01641880257034	65.24229356600924	Andersonviridae	Escherichia phage vB_EcoM_ULIM9
706	OQ850289	-276.92992834195775	59.107860974666494	Andersonviridae	Escherichia phage vB_EcoM_ULIM3
707	OQ870568	500.9266384433779	-376.478765262676	Autotranscriptaviridae	Kayfunavirus zappy
708	OQ921331	455.2970291914603	-291.9700624292336	Autoscriptoviridae	Cepavirus PAS7
709	OQ992204	182.34045127857212	-66.19914965612001	Schitoviridae	Pseudomonas phage vB_PaeP_YL1
710	OR088903	810.9557480645351	-32.36107638924934	Inoviridae	Ralstonia phage RSCq
711	OR233736	495.4432645944478	-369.93915964369876	Autotranscriptaviridae	Vibrio phage 4141
712	OR234014	-321.6396263799986	202.35936880990553	Herelleviridae	Staphylococcus phage SAC
713	OR256021	334.1387818537737	-178.95032079389188	Straboviridae	Klebsiella phage P52_1
714	OR287806	537.7019320102543	-413.89835710624845	Autotranscriptaviridae	Klebsiella phage Rappa3
715	OR352937	101.00104901392274	453.63011638900923	Drexlerviridae	Escherichia phage AV106
716	OR352938	-903.7435602899745	-142.75200651651784	Straboviridae	Escherichia phage AV108
717	OR352940	-1043.3290268128544	-254.73417863656198	Straboviridae	Escherichia phage AV110
718	OR352941	-1046.2600118606513	-243.07414865099	Straboviridae	Escherichia phage AV111
719	OR352944	-1003.3306468709376	-265.69225756654305	Straboviridae	Escherichia phage AV114
720	OR352945	-991.7086687824636	-263.89066811137445	Straboviridae	Escherichia phage AV115
721	OR352951	-1083.790397555652	-261.56703582046373	Straboviridae	Escherichia phage AV121
722	OR352958	-21.038156114915864	285.0121328871361	Lindbergviridae	Wifcevirus AV128
723	OR354875	-970.6755300118309	-217.02169875543072	Straboviridae	Klebsiella phage ValerieMcCarty01
724	OR424355	226.43382031358533	-90.32231681576894	Schitoviridae	Pseudomonas phage vB_Pae_TUMS_P11
725	OR436899	115.21824139333694	265.8645045042982	Lindbergviridae	Pseudomonas phage phiDCL-PA6
726	OR472545	127.66231656772584	412.0023218656787	Drexlerviridae	Escherichia phage vB_EcoM_50EP
727	OR485018	-344.27231567223544	6.039399888040947	Demerecviridae	Salmonella phage STP-SP2
728	OR495699	-549.020722799514	157.53924731196273	Herelleviridae	Staphylococcus phage CUB-A
729	OR498733	486.96904105300905	-339.10592544733504	Autotranscriptaviridae	Salmonella phage STP-SP6
730	OR513094	473.4130999077013	-343.43453968311803	Autotranscriptaviridae	Salmonella phage STP-SP8
731	OR608736	-522.1600156003387	24.38002437677548	Chimalliviridae	Phikzvirus phiKZ
732	OR636104	-893.4476936896563	-113.51995245390673	Straboviridae	Acinetobacter phage Tonic CPL00239
733	OR639934	471.9352199000057	-371.75330312572737	Autotranscriptaviridae	Przondovirus KpV763
734	OR699184	323.25885093317993	174.19642868013673	Casjensviridae	Salmonella phage SD-11_S17
735	OR820920	401.8183792938048	261.5056052487894	Peduoviridae	Bacillus phage vB_BpuM-ZY1
736	OR861626	276.1274233951665	423.45435692554986	Drexlerviridae	Escherichia phage phiA2-1
737	OR861627	154.27974005256124	438.4631043381702	Drexlerviridae	Escherichia phage phiD2-2
738	OR862218	-344.5190744577317	9.525467155927771	Demerecviridae	Salmonella phage SP33
739	OR896833	94.93473142522794	433.261396741162	Drexlerviridae	Escherichia phage WaterSpirit
740	OR896840	-278.6835617209715	15.896542751434637	Demerecviridae	Klebsiella phage GlastoCabaret
741	OR896852	500.0803099893917	-384.74091191694833	Autotranscriptaviridae	Teetrevirus bumbleweed
742	OR896853	128.79230308120896	450.1657806613514	Drexlerviridae	Klebsiella phage MassiveIgloo
743	OR896854	516.7715827474456	-417.75968398044006	Autotranscriptaviridae	Teetrevirus keithsmous
744	OR896859	123.86254152382253	446.4757542407814	Drexlerviridae	Klebsiella phage StarXobjector
745	OR979722	506.5237236887949	-382.71735565200765	Autotranscriptaviridae	Escherichia phage ETEP21B
746	OR990504	406.8621038709307	230.4499100137908	Peduoviridae	Burkholderia phage vB_HM387
747	OR999189	-1068.1270322392284	-274.4283491178661	Straboviridae	Enterobacteria phage P922
748	OY757088	464.1603890835984	-271.3483601438876	Autoscriptoviridae	Drulisvirus K72PH164C2
749	OY978778	800.4118312669382	-58.06798277303555	Schitoviridae	Klebsiella phage vB_Kpn_K60PH164C1
750	OY978817	150.84718440115876	451.89708382191816	Drexlerviridae	Klebsiella phage vB_Kpn_K2alpha62
751	OY979433	144.53216117242664	460.58473874507536	Drexlerviridae	Klebsiella phage vB_Kpl_K14PH164C1
752	PP034388	-488.67013849918817	190.4612946140127	Herelleviridae	Staphylococcus phage CF7
753	PP034390	-381.3515513108382	138.71481765112156	Herelleviridae	Staphylococcus phage CF5
754	PP054054	305.9029160058469	-104.76060823189637	Schitoviridae	Pseudomonas phage Ka6
755	PP058116	396.01621566806944	203.2164344642076	Peduoviridae	Burkholderia phage vB_BceM_CEP1
756	PP079183	-137.0331704987609	-10.46110193416618	Andersonviridae	Kolesnikvirus M7
757	PP079414	400.11928595678455	-291.77136436179586	Autonotataviridae	Euvesivirus SB3
758	PP094244	-300.45448548161266	-13.343339862292297	Demerecviridae	Salmonella phage vB_SalS-SIA3lw
759	PP110483	-589.0703638368144	108.76231455469375	Kyanoviridae	Synechococcus phage MA10
760	PP110484	-571.7088197618408	101.69205659867555	Kyanoviridae	Synechococcus phage MA01
761	PP203289	-282.96168330624687	44.046787717893636	Vandenendeviridae	Pseudomonas phage Psxphi15
762	PP203294	-274.1710631472936	88.8685239215618	Vandenendeviridae	Pseudomonas phage LPS-5
763	PP212877	-1039.1474044490974	-205.97717495674647	Straboviridae	Aeromonas phage PS49
764	PP280813	280.56993301606735	315.7603657507941	Sarkviridae	Salmonella phage VT223
765	PP328844	468.3472795022574	-372.44505688436016	Autotranscriptaviridae	Kayfunavirus 216Ecol046PP
766	PP355091	-1072.9719722191116	-278.6026571516881	Straboviridae	Escherichia phage 235Ecol030PP
767	PP357455	495.08731101402395	-426.63344117474105	Autotranscriptaviridae	Przondovirus pv175005
768	PP357468	513.1363144352088	-421.79382740546976	Autotranscriptaviridae	Przondovirus pv175019
769	PP357477	449.2868061103379	-383.9959965629214	Autotranscriptaviridae	Przondovirus 175029
770	PP358550	-890.1610388028273	-148.22155509855463	Straboviridae	Escherichia phage FL04
771	PP389045	296.9382718966797	308.06000871173546	Sarkviridae	Pseudomonas phage vB_PsS_LDT325
772	PP400781	-935.1430156454511	-138.5212733739132	Straboviridae	Escherichia phage FL20
773	PP400783	-897.3861541407773	-137.50270694489538	Straboviridae	Escherichia phage FL37
774	PP400784	-900.9446300647356	-135.35397395834022	Straboviridae	Escherichia phage FL38
775	PP418985	-903.4802396910849	-114.70030168813435	Straboviridae	Escherichia phage UPWr_E1
776	PP418986	-1063.1634048083424	-274.5939576708099	Straboviridae	Escherichia phage UPWr_E2
777	PP437543	309.2986940987005	308.4919617209014	Sarkviridae	Salmonella phage vB_SenS_Psm140
778	PP471608	-436.3041200411526	172.99379012883597	Herelleviridae	Staphylococcus phage LJLAME001
779	PP496422	476.63863283753403	-385.19739982032775	Autotranscriptaviridae	Pseudomonas phage vB_PpuP-Hammaste-5
780	PP496426	456.2080702581568	-380.90823789543117	Autotranscriptaviridae	Pseudomonas phage vB_PpuP-Keila
781	PP496435	494.1172952580348	-363.2059384353656	Autotranscriptaviridae	Pseudomonas phage vB_PpuP-Vasula
782	PP501790	389.6713588800751	-313.08545137368554	Autoscriptoviridae	Pseudomonas phage vB_Pae4841-AFR43
783	PP526941	-1041.5223462090057	-262.3751072167265	Straboviridae	Escherichia phage vB_EcoM_ECO78
784	PP537603	414.08262846008824	205.2196597562112	Peduoviridae	Yersinia phage vB_YpM_MHG51
785	PP542034	502.59829343442857	-425.1369096280566	Autotranscriptaviridae	Klebsiella phage vB_KpnP_23
786	PP558215	832.9987051071951	-36.60207294444993	Microviridae	Roseobacter phage CRPss-152
787	PP597383	-903.9174759393218	-106.4354061058065	Straboviridae	Klebsiella phage vB_KM5a1-KLB21
788	PP631965	844.6250846772903	-40.77368098842794	Microviridae	Liberibacter phage pCLasGDXH2
789	PP631966	833.9305203107294	-41.97807542671099	Microviridae	Liberibacter phage pCLasGDYF2159
790	PP631974	834.8943375037895	-42.46165393144389	Microviridae	Liberibacter phage pCLasGXLZ17
791	PP631983	838.2045522726064	-44.36177556974404	Microviridae	Liberibacter phage pCLasHNYX8
792	PP631987	837.6166949245546	-40.758289809750394	Microviridae	Liberibacter phage pCLasSCYB13F
793	PP631989	837.155215646341	-41.15089958267096	Microviridae	Liberibacter phage pCLasYNJSMG5
794	PP712941	434.3651025071065	-280.66462117831026	Autoscriptoviridae	Vibrio phage TCU_VP01_ZB
795	PP723046	-997.5100769352924	-215.91345772836365	Straboviridae	Klebsiella phage vB_Kpn529046-KEN39
796	PP728208	415.87064852832805	-233.05364736021426	Autoscriptoviridae	Klebsiella phage vB_KpnP_W17
797	PP856711	509.2066314984879	-341.95543580071455	Autotranscriptaviridae	Salmonella phage vB_STmST19_KE05
798	PP856726	-659.6371169747677	41.986249246027256	Ackermannviridae	Salmonella phage vB_STmST313_KE27
799	PP856729	-700.1067464034363	23.19995293118562	Ackermannviridae	Salmonella phage vB_STmST313_KE31
800	PP934443	475.1776559740981	-272.3023387860553	Autoscriptoviridae	Klebsiella phage P252
801	PP965502	422.86270030107016	-324.76940957325917	Autoscriptoviridae	Acinetobacter phage AB_SZL2
802	PP989835	660.7562557452941	33.42049059371044	Sarkviridae	Salmonella phage vB_SE127_2PH123
803	PQ030847	-787.8072156190652	-239.5259856392184	Straboviridae	Escherichia phage EC.W15-3
804	PQ093899	471.7871224942712	-307.16287526861123	Autonotataviridae	Xanthomonas phage L13.2
805	PQ096439	-1023.0696610311194	-178.3984453827215	Straboviridae	Enterobacter phage EnC15
806	PQ133005	501.778120891355	-285.003319742916	Autoscriptoviridae	Klebsiella phage Henu1_2
807	PQ141284	162.0941228800982	280.70976938947024	Sarkviridae	Escherichia phage fEg-Eco06
808	PQ220373	234.5959213663807	237.71577616734683	Sarkviridae	Salmonella phage vB_CECAV_044
809	PQ285366	484.7325060966775	-264.0729907979362	Autoscriptoviridae	Klebsiella phage Kpp-9
810	PQ299153	192.0505801253987	120.64992907518959	Herelleviridae	Bacillus phage Jayan
811	PQ303785	-1076.5819542726476	-272.45634309949367	Straboviridae	Escherichia phage LYE-01
812	PQ341120	-1006.7253417837122	-227.244658796843	Straboviridae	Escherichia phage EAWsc9
813	PQ434564	519.7881603933513	-383.26075127829165	Autotranscriptaviridae	Klebsiella phage P8451
814	PQ492278	113.49135147359675	270.71156322277113	Lindbergviridae	Pseudomonas phage PaCCP2
815	PQ519586	90.01828064657207	452.0004493570141	Drexlerviridae	Klebsiella phage SF_KL25
816	PQ537371	-1026.4877804265336	-209.14775699144343	Straboviridae	Klebsiella phage 15882-3-2
817	PQ569626	227.72957609097716	246.32336503550832	Casjensviridae	Salmonella phage NSP
818	PQ656807	-292.53537608901365	56.347814566308784	Vandenendeviridae	Pseudomonas phage vB_Ps_ZCPS13
819	PQ664488	-291.8818562641559	3.6331649502953667	Demerecviridae	Obesumbacterium phage Ob_P
820	PQ818400	-318.5319577534415	0.7453999391349839	Demerecviridae	Salmonella phage HMD-7
821	PQ843214	129.3806196223004	444.37114489012595	Drexlerviridae	Klebsiella phage phiwza
822	PQ849840	-522.8030839713995	171.17683423924717	Herelleviridae	Staphylococcus phage JS1
823	PQ963940	152.60061452516402	430.12637956957667	Drexlerviridae	Klebsiella phage P11
824	PQ998983	430.5032126090432	-265.94246495463995	Autoscriptoviridae	Klebsiella phage vB_KpnP_IME323-1
825	PV022100	430.78107031523336	-344.71922056655535	Autoscriptoviridae	Acinetobacter phage AB_NC12
826	PV029541	282.8019497412731	-87.18166657667024	Schitoviridae	Escherichia phage PBM-2
827	PV068287	288.16136736290514	305.934010702297	Sarkviridae	Salmonella phage SalM-TTS6
828	PV090992	188.00160211659022	411.20843779764937	Drexlerviridae	Salmonella phage vB_GS71
829	PV153712	185.7707349429968	407.5963318979394	Drexlerviridae	Salmonella phage vB_GS156
830	PV173013	512.0470766295482	-385.48671450523807	Autotranscriptaviridae	Klebsiella phage P12
831	PV433238	-531.3601579267331	157.84371485198025	Herelleviridae	Staphylococcus phage fGlntSau01
832	PV596791	535.1739799162895	-341.252902516611	Autotranscriptaviridae	Yersinia phage vB_Yep_15
833	PV615262	451.5146598598635	-317.25581139083323	Autotranscriptaviridae	Acinetobacter phage vB_Aba_01KA
834	PV660449	-1058.8261896112842	-246.08755471844245	Straboviridae	Escherichia phage LF82-5
835	PV660451	-1059.5980260434633	-251.7040818466858	Straboviridae	Escherichia phage LF82-8
836	PV660458	366.94515470647343	-244.9720514833	Autoscriptoviridae	Escherichia phage LF82-23
837	PV683289	-929.1769624142472	-136.87707210030172	Straboviridae	Klebsiella phage HMGUkp1
838	PV775412	-533.7187466477876	183.9137133466625	Herelleviridae	Staphylococcus phage EMS22-2
839	PV786929	694.8711938186141	77.15672235676217	Casjensviridae	Proteus phage pPM01
840	X60323	839.5949498197667	-30.98742116199957	Microviridae	Alphatrevirus phiK
